"Archivo","Tipo","ASIN","Texto","URL"
"baliza-v16-obligatoria.html","PRODUCTO","B0FHBDDBNT","🛒 Ver Help Flash IoT+ en Amazon","https://www.amazon.es/dp/B0FHBDDBNT?tag=itvcheck-21"
"guia-bateria.html","PRODUCTO","B0G2Q846PC","🛒 Ver Cargador de Batería en Amazon","https://www.amazon.es/dp/B0G2Q846PC?tag=itvcheck-21"
"guia-bombilla.html","PRODUCTO","B0B56LW37L","Ver opciones en Amazon","https://www.amazon.es/dp/B0B56LW37L?tag=itvcheck-21"
"guia-bombilla.html","PRODUCTO","B0B56LW37L","🛒 Ver Kit de Pulido de Faros en Amazon","https://www.amazon.es/dp/B0B56LW37L?tag=itvcheck-21"
"guia-frenos.html","PRODUCTO","B0025KOQYY","🛒 Ver Limpiador de Frenos en Amazon","https://www.amazon.es/dp/B0025KOQYY?tag=itvcheck-21"
"guia-gases.html","PRODUCTO","B07ZDPXTM1","🛒 Ver Aditivo Limpiador de Inyectores en Amazon","https://www.amazon.es/dp/B07ZDPXTM1?tag=itvcheck-21"
"guia-luces.html","PRODUCTO","B0B56LW37L","🛒 Ver Kit de Pulido de Faros en Amazon","https://www.amazon.es/dp/B0B56LW37L?tag=itvcheck-21"
"guia-neumaticos.html","PRODUCTO","B0C1YKQYQ9","🛒 Ver Inflador de Neumáticos 12V en Amazon","https://www.amazon.es/dp/B0C1YKQYQ9?tag=itvcheck-21"
"itv-camper-furgonetas.html","PRODUCTO","B0DNQ5V1YH","🛒 Ver Organizador de Maletero en Amazon","https://www.amazon.es/dp/B0DNQ5V1YH?tag=itvcheck-21"
"itv-camper-furgonetas.html","PRODUCTO","B0FHBDDBNT","🛒 Ver Baliza V-16 en Amazon","https://www.amazon.es/dp/B0FHBDDBNT?tag=itvcheck-21"
"limpiar-faros-coche.html","PRODUCTO","B0B56LW37L","🛒 Ver Kit de Pulido de Faros en Amazon","https://www.amazon.es/dp/B0B56LW37L?tag=itvcheck-21"
"limpiar-faros-coche.html","PRODUCTO","B00K1GJDI8","🛒 Ver Limpiador de Llantas en Amazon","https://www.amazon.es/dp/B00K1GJDI8?tag=itvcheck-21"
"mantenimiento-coches-electricos.html","PRODUCTO","B0CKSG4G98","🛒 Ver Cable de Carga Tipo 2 en Amazon","https://www.amazon.es/dp/B0CKSG4G98?tag=itvcheck-21"
"mantenimiento-coches-electricos.html","PRODUCTO","B09Q825SRR","🛒 Ver Funda Impermeable en Amazon","https://www.amazon.es/dp/B09Q825SRR?tag=itvcheck-21"
"mantenimiento-coches-electricos.html","PRODUCTO","B0BPMT7TQL","🛒 Ver Kit de Limpieza en Amazon","https://www.amazon.es/dp/B0BPMT7TQL?tag=itvcheck-21"
"mejores-gadgets-coche.html","PRODUCTO","B0DFQ4H1BD","🛒 Ver Lamicall Cargador MagSafe en Amazon","https://www.amazon.es/dp/B0DFQ4H1BD?tag=itvcheck-21"
"mejores-gadgets-coche.html","PRODUCTO","B0H4MCMWJT","🛒 Ver BSTOEM Adaptador Inalámbrico en Amazon","https://www.amazon.es/dp/B0H4MCMWJT?tag=itvcheck-21"
"mejores-gadgets-coche.html","PRODUCTO","B0DHK6KBGH","🛒 Ver Miracase Soporte de Móvil en Amazon","https://www.amazon.es/dp/B0DHK6KBGH?tag=itvcheck-21"
"mejores-gadgets-coche.html","PRODUCTO","B07VLYBPB8","🛒 Ver Coquimbo Linterna LED en Amazon","https://www.amazon.es/dp/B07VLYBPB8?tag=itvcheck-21"
"preparar-coche-viaje-largo.html","PRODUCTO","B073VB41W3","🛒 Ver FORTEM Compresor de Aire en Amazon","https://www.amazon.es/dp/B073VB41W3?tag=itvcheck-21"
"preparar-coche-viaje-largo.html","PRODUCTO","B0BNKQXHS2","🛒 Ver WAIZHIUA Kit de Emergencia en Amazon","https://www.amazon.es/dp/B0BNKQXHS2?tag=itvcheck-21"
"preparar-coche-viaje-largo.html","PRODUCTO","B07FRPXF44","🛒 Ver LEWIS PLAST Botiquín en Amazon","https://www.amazon.es/dp/B07FRPXF44?tag=itvcheck-21"
"preparar-coche-viaje-largo.html","PRODUCTO","B0DNQ5V1YH","🛒 Ver Amazon Basics Organizador en Amazon","https://www.amazon.es/dp/B0DNQ5V1YH?tag=itvcheck-21"
"preparar-coche-viaje-largo.html","PRODUCTO","B0H1HWFD7B","🛒 Ver Piarhlie Aspirador Portátil en Amazon","https://www.amazon.es/dp/B0H1HWFD7B?tag=itvcheck-21"
"seguros-coche.html","PRODUCTO","B0C33RDGY8","🎥 Ver Dashcam 4K en Amazon","https://www.amazon.es/dp/B0C33RDGY8?tag=itvcheck-21"
"seguros-coche.html","PRODUCTO","B09P8H24TZ","📍 Ver Localizador GPS en Amazon","https://www.amazon.es/dp/B09P8H24TZ?tag=itvcheck-21"
"seguros-coche.html","PRODUCTO","B0CML65XSC","🚨 Ver Botiquín de Coche en Amazon","https://www.amazon.es/dp/B0CML65XSC?tag=itvcheck-21"
"audi-a3-cambiar-bombilla.html","PRODUCTO","B07YDD74GW","Ver en Amazon","https://www.amazon.es/dp/B07YDD74GW?tag=itvcheck-21"
"audi-a3-cambiar-bombilla.html","BUSQUEDA","","Ver en Amazon","https://www.amazon.es/s?k=bombilla+W5W&tag=itvcheck-21"
"audi-a3-cambiar-bombilla.html","PRODUCTO","B09PY8WQHJ","Ver en Amazon","https://www.amazon.es/dp/B09PY8WQHJ?tag=itvcheck-21"
"audi-a3-cambiar-bombilla.html","BUSQUEDA","","Ver en Amazon","https://www.amazon.es/s?k=llave+carraca+10mm&tag=itvcheck-21"
"audi-a3-cambiar-bombilla.html","PRODUCTO","B09CD3LX6R","Ver en Amazon","https://www.amazon.es/dp/B09CD3LX6R?tag=itvcheck-21"
"audi-a3-cambiar-bombilla.html","PRODUCTO","B0D3VDXB19","Ver en Amazon","https://www.amazon.es/dp/B0D3VDXB19?tag=itvcheck-21"
"audi-q3-cambiar-bombilla.html","PRODUCTO","B07YDD74GW","Ver en Amazon","https://www.amazon.es/dp/B07YDD74GW?tag=itvcheck-21"
"audi-q3-cambiar-bombilla.html","BUSQUEDA","","Ver en Amazon","https://www.amazon.es/s?k=bombilla+W5W&tag=itvcheck-21"
"audi-q3-cambiar-bombilla.html","PRODUCTO","B09PY8WQHJ","Ver en Amazon","https://www.amazon.es/dp/B09PY8WQHJ?tag=itvcheck-21"
"audi-q3-cambiar-bombilla.html","BUSQUEDA","","Ver en Amazon","https://www.amazon.es/s?k=llave+carraca+10mm&tag=itvcheck-21"
"audi-q3-cambiar-bombilla.html","PRODUCTO","B09CD3LX6R","Ver en Amazon","https://www.amazon.es/dp/B09CD3LX6R?tag=itvcheck-21"
"audi-q3-cambiar-bombilla.html","PRODUCTO","B0D3VDXB19","Ver en Amazon","https://www.amazon.es/dp/B0D3VDXB19?tag=itvcheck-21"
"baterias.html","BUSQUEDA","","Ver baterías en Amazon →","https://www.amazon.es/s?k=bateria+coche+AGM&tag=itvcheck-21"
"baterias.html","BUSQUEDA","","Ver en Amazon","https://www.amazon.es/s?k=llave+carraca+10mm&tag=itvcheck-21"
"baterias.html","BUSQUEDA","","Ver en Amazon","https://www.amazon.es/s?k=llave+carraca+10mm&tag=itvcheck-21"
"baterias.html","PRODUCTO","B09CD3LX6R","Ver en Amazon","https://www.amazon.es/dp/B09CD3LX6R?tag=itvcheck-21"
"baterias.html","BUSQUEDA","","Ver en Amazon","https://www.amazon.es/s?k=gafas+proteccion+trabajo&tag=itvcheck-21"
"baterias.html","BUSQUEDA","","Ver en Amazon","https://www.amazon.es/s?k=cepillo+alambre+limpieza&tag=itvcheck-21"
"baterias.html","BUSQUEDA","","Ver en Amazon","https://www.amazon.es/s?k=multimetro+digital+coche&tag=itvcheck-21"
"baterias.html","BUSQUEDA","","Ver baterías en Amazon →","https://www.amazon.es/s?k=bateria+coche+AGM&tag=itvcheck-21"
"bmw-serie-1-cambiar-bombilla.html","PRODUCTO","B07YDD74GW","Ver en Amazon","https://www.amazon.es/dp/B07YDD74GW?tag=itvcheck-21"
"bmw-serie-1-cambiar-bombilla.html","BUSQUEDA","","Ver en Amazon","https://www.amazon.es/s?k=bombilla+W5W&tag=itvcheck-21"
"bmw-serie-1-cambiar-bombilla.html","PRODUCTO","B09PY8WQHJ","Ver en Amazon","https://www.amazon.es/dp/B09PY8WQHJ?tag=itvcheck-21"
"bmw-serie-1-cambiar-bombilla.html","BUSQUEDA","","Ver en Amazon","https://www.amazon.es/s?k=llave+carraca+10mm&tag=itvcheck-21"
"bmw-serie-1-cambiar-bombilla.html","PRODUCTO","B09CD3LX6R","Ver en Amazon","https://www.amazon.es/dp/B09CD3LX6R?tag=itvcheck-21"
"bmw-serie-1-cambiar-bombilla.html","PRODUCTO","B0D3VDXB19","Ver en Amazon","https://www.amazon.es/dp/B0D3VDXB19?tag=itvcheck-21"
"bmw-x1-cambiar-bombilla.html","PRODUCTO","B07YDD74GW","Ver en Amazon","https://www.amazon.es/dp/B07YDD74GW?tag=itvcheck-21"
"bmw-x1-cambiar-bombilla.html","BUSQUEDA","","Ver en Amazon","https://www.amazon.es/s?k=bombilla+W5W&tag=itvcheck-21"
"bmw-x1-cambiar-bombilla.html","PRODUCTO","B09PY8WQHJ","Ver en Amazon","https://www.amazon.es/dp/B09PY8WQHJ?tag=itvcheck-21"
"bmw-x1-cambiar-bombilla.html","BUSQUEDA","","Ver en Amazon","https://www.amazon.es/s?k=llave+carraca+10mm&tag=itvcheck-21"
"bmw-x1-cambiar-bombilla.html","PRODUCTO","B09CD3LX6R","Ver en Amazon","https://www.amazon.es/dp/B09CD3LX6R?tag=itvcheck-21"
"bmw-x1-cambiar-bombilla.html","PRODUCTO","B0D3VDXB19","Ver en Amazon","https://www.amazon.es/dp/B0D3VDXB19?tag=itvcheck-21"
"bombillas.html","PRODUCTO","B07YDD74GW","Ver bombillas en Amazon →","https://www.amazon.es/dp/B07YDD74GW?tag=itvcheck-21"
"bombillas.html","PRODUCTO","B07YDD74GW","Ver H7 en Amazon","https://www.amazon.es/dp/B07YDD74GW?tag=itvcheck-21"
"bombillas.html","BUSQUEDA","","Ver H4 en Amazon","https://www.amazon.es/s?k=bombilla+H4+halogena&tag=itvcheck-21"
"bombillas.html","BUSQUEDA","","Ver HIR2 en Amazon","https://www.amazon.es/s?k=bombilla+HIR2+9012&tag=itvcheck-21"
"bombillas.html","PRODUCTO","B09CD3LX6R","Ver en Amazon","https://www.amazon.es/dp/B09CD3LX6R?tag=itvcheck-21"
"bombillas.html","PRODUCTO","B09PY8WQHJ","Ver en Amazon","https://www.amazon.es/dp/B09PY8WQHJ?tag=itvcheck-21"
"bombillas.html","PRODUCTO","B0D3VDXB19","Ver en Amazon","https://www.amazon.es/dp/B0D3VDXB19?tag=itvcheck-21"
"bombillas.html","BUSQUEDA","","Ver en Amazon","https://www.amazon.es/s?k=pano+microfibra+coche&tag=itvcheck-21"
"bombillas.html","PRODUCTO","B07YDD74GW","Ver bombillas en Amazon →","https://www.amazon.es/dp/B07YDD74GW?tag=itvcheck-21"
"citroen-c3-cambiar-bateria.html","BUSQUEDA","","EFB en Amazon","https://www.amazon.es/s?k=bateria+coche+EFB&tag=itvcheck-21"
"citroen-c3-cambiar-bateria.html","BUSQUEDA","","AGM en Amazon","https://www.amazon.es/s?k=bateria+coche+AGM&tag=itvcheck-21"
"citroen-c3-cambiar-bateria.html","BUSQUEDA","","Ver en Amazon","https://www.amazon.es/s?k=llave+carraca+10mm&tag=itvcheck-21"
"citroen-c3-cambiar-bateria.html","BUSQUEDA","","Ver en Amazon","https://www.amazon.es/s?k=llave+carraca+10mm&tag=itvcheck-21"
"citroen-c3-cambiar-bateria.html","PRODUCTO","B09CD3LX6R","Ver en Amazon","https://www.amazon.es/dp/B09CD3LX6R?tag=itvcheck-21"
"citroen-c3-cambiar-bateria.html","BUSQUEDA","","Ver en Amazon","https://www.amazon.es/s?k=multimetro+digital+coche&tag=itvcheck-21"
"citroen-c3-cambiar-bombilla.html","PRODUCTO","B07YDD74GW","Ver en Amazon","https://www.amazon.es/dp/B07YDD74GW?tag=itvcheck-21"
"citroen-c3-cambiar-bombilla.html","BUSQUEDA","","Ver en Amazon","https://www.amazon.es/s?k=bombilla+W5W&tag=itvcheck-21"
"citroen-c3-cambiar-bombilla.html","PRODUCTO","B09PY8WQHJ","Ver en Amazon","https://www.amazon.es/dp/B09PY8WQHJ?tag=itvcheck-21"
"citroen-c3-cambiar-bombilla.html","PRODUCTO","B09CD3LX6R","Ver en Amazon","https://www.amazon.es/dp/B09CD3LX6R?tag=itvcheck-21"
"citroen-c3-cambiar-bombilla.html","PRODUCTO","B0D3VDXB19","Ver en Amazon","https://www.amazon.es/dp/B0D3VDXB19?tag=itvcheck-21"
"citroen-c4-cambiar-bombilla.html","PRODUCTO","B07YDD74GW","Ver en Amazon","https://www.amazon.es/dp/B07YDD74GW?tag=itvcheck-21"
"citroen-c4-cambiar-bombilla.html","BUSQUEDA","","Ver en Amazon","https://www.amazon.es/s?k=bombilla+W5W&tag=itvcheck-21"
"citroen-c4-cambiar-bombilla.html","PRODUCTO","B09PY8WQHJ","Ver en Amazon","https://www.amazon.es/dp/B09PY8WQHJ?tag=itvcheck-21"
"citroen-c4-cambiar-bombilla.html","PRODUCTO","B09CD3LX6R","Ver en Amazon","https://www.amazon.es/dp/B09CD3LX6R?tag=itvcheck-21"
"citroen-c4-cambiar-bombilla.html","PRODUCTO","B0D3VDXB19","Ver en Amazon","https://www.amazon.es/dp/B0D3VDXB19?tag=itvcheck-21"
"dacia-duster-cambiar-bateria.html","BUSQUEDA","","EFB en Amazon","https://www.amazon.es/s?k=bateria+coche+EFB&tag=itvcheck-21"
"dacia-duster-cambiar-bateria.html","BUSQUEDA","","AGM en Amazon","https://www.amazon.es/s?k=bateria+coche+AGM&tag=itvcheck-21"
"dacia-duster-cambiar-bateria.html","BUSQUEDA","","Ver en Amazon","https://www.amazon.es/s?k=llave+carraca+10mm&tag=itvcheck-21"
"dacia-duster-cambiar-bateria.html","BUSQUEDA","","Ver en Amazon","https://www.amazon.es/s?k=llave+carraca+10mm&tag=itvcheck-21"
"dacia-duster-cambiar-bateria.html","PRODUCTO","B09CD3LX6R","Ver en Amazon","https://www.amazon.es/dp/B09CD3LX6R?tag=itvcheck-21"
"dacia-duster-cambiar-bateria.html","BUSQUEDA","","Ver en Amazon","https://www.amazon.es/s?k=multimetro+digital+coche&tag=itvcheck-21"
"dacia-duster-cambiar-bombilla.html","PRODUCTO","B07YDD74GW","Ver en Amazon","https://www.amazon.es/dp/B07YDD74GW?tag=itvcheck-21"
"dacia-duster-cambiar-bombilla.html","BUSQUEDA","","Ver en Amazon","https://www.amazon.es/s?k=bombilla+W5W&tag=itvcheck-21"
"dacia-duster-cambiar-bombilla.html","PRODUCTO","B09PY8WQHJ","Ver en Amazon","https://www.amazon.es/dp/B09PY8WQHJ?tag=itvcheck-21"
"dacia-duster-cambiar-bombilla.html","PRODUCTO","B09CD3LX6R","Ver en Amazon","https://www.amazon.es/dp/B09CD3LX6R?tag=itvcheck-21"
"dacia-duster-cambiar-bombilla.html","PRODUCTO","B0D3VDXB19","Ver en Amazon","https://www.amazon.es/dp/B0D3VDXB19?tag=itvcheck-21"
"dacia-jogger-cambiar-bombilla.html","PRODUCTO","B07YDD74GW","Ver en Amazon","https://www.amazon.es/dp/B07YDD74GW?tag=itvcheck-21"
"dacia-jogger-cambiar-bombilla.html","BUSQUEDA","","Ver en Amazon","https://www.amazon.es/s?k=bombilla+W5W&tag=itvcheck-21"
"dacia-jogger-cambiar-bombilla.html","PRODUCTO","B09PY8WQHJ","Ver en Amazon","https://www.amazon.es/dp/B09PY8WQHJ?tag=itvcheck-21"
"dacia-jogger-cambiar-bombilla.html","PRODUCTO","B09CD3LX6R","Ver en Amazon","https://www.amazon.es/dp/B09CD3LX6R?tag=itvcheck-21"
"dacia-jogger-cambiar-bombilla.html","PRODUCTO","B0D3VDXB19","Ver en Amazon","https://www.amazon.es/dp/B0D3VDXB19?tag=itvcheck-21"
"dacia-sandero-cambiar-bombilla.html","PRODUCTO","B07YDD74GW","Ver en Amazon","https://www.amazon.es/dp/B07YDD74GW?tag=itvcheck-21"
"dacia-sandero-cambiar-bombilla.html","BUSQUEDA","","Ver en Amazon","https://www.amazon.es/s?k=bombilla+W5W&tag=itvcheck-21"
"dacia-sandero-cambiar-bombilla.html","PRODUCTO","B09PY8WQHJ","Ver en Amazon","https://www.amazon.es/dp/B09PY8WQHJ?tag=itvcheck-21"
"dacia-sandero-cambiar-bombilla.html","PRODUCTO","B09CD3LX6R","Ver en Amazon","https://www.amazon.es/dp/B09CD3LX6R?tag=itvcheck-21"
"dacia-sandero-cambiar-bombilla.html","PRODUCTO","B0D3VDXB19","Ver en Amazon","https://www.amazon.es/dp/B0D3VDXB19?tag=itvcheck-21"
"escobillas.html","BUSQUEDA","","Ver escobillas en Amazon →","https://www.amazon.es/s?k=escobilla+limpiaparabrisas+600mm&tag=itvcheck-21"
"escobillas.html","BUSQUEDA","","Ver en Amazon","https://www.amazon.es/s?k=escobilla+limpiaparabrisas+600mm&tag=itvcheck-21"
"escobillas.html","PRODUCTO","B09CD3LX6R","Ver en Amazon","https://www.amazon.es/dp/B09CD3LX6R?tag=itvcheck-21"
"escobillas.html","BUSQUEDA","","Ver en Amazon","https://www.amazon.es/s?k=alcohol+isopropilico&tag=itvcheck-21"
"escobillas.html","BUSQUEDA","","Ver escobillas en Amazon →","https://www.amazon.es/s?k=escobilla+limpiaparabrisas+600mm&tag=itvcheck-21"
"fiat-500-cambiar-bombilla.html","PRODUCTO","B07YDD74GW","Ver en Amazon","https://www.amazon.es/dp/B07YDD74GW?tag=itvcheck-21"
"fiat-500-cambiar-bombilla.html","BUSQUEDA","","Ver en Amazon","https://www.amazon.es/s?k=bombilla+W5W&tag=itvcheck-21"
"fiat-500-cambiar-bombilla.html","PRODUCTO","B09PY8WQHJ","Ver en Amazon","https://www.amazon.es/dp/B09PY8WQHJ?tag=itvcheck-21"
"fiat-500-cambiar-bombilla.html","PRODUCTO","B09CD3LX6R","Ver en Amazon","https://www.amazon.es/dp/B09CD3LX6R?tag=itvcheck-21"
"fiat-500-cambiar-bombilla.html","PRODUCTO","B0D3VDXB19","Ver en Amazon","https://www.amazon.es/dp/B0D3VDXB19?tag=itvcheck-21"
"fiat-tipo-cambiar-bombilla.html","PRODUCTO","B07YDD74GW","Ver en Amazon","https://www.amazon.es/dp/B07YDD74GW?tag=itvcheck-21"
"fiat-tipo-cambiar-bombilla.html","BUSQUEDA","","Ver en Amazon","https://www.amazon.es/s?k=bombilla+W5W&tag=itvcheck-21"
"fiat-tipo-cambiar-bombilla.html","PRODUCTO","B09PY8WQHJ","Ver en Amazon","https://www.amazon.es/dp/B09PY8WQHJ?tag=itvcheck-21"
"fiat-tipo-cambiar-bombilla.html","PRODUCTO","B09CD3LX6R","Ver en Amazon","https://www.amazon.es/dp/B09CD3LX6R?tag=itvcheck-21"
"fiat-tipo-cambiar-bombilla.html","PRODUCTO","B0D3VDXB19","Ver en Amazon","https://www.amazon.es/dp/B0D3VDXB19?tag=itvcheck-21"
"ford-fiesta-cambiar-escobillas.html","BUSQUEDA","","Ver en Amazon","https://www.amazon.es/s?k=escobilla+limpiaparabrisas+600mm&tag=itvcheck-21"
"ford-fiesta-cambiar-escobillas.html","BUSQUEDA","","Ver en Amazon","https://www.amazon.es/s?k=escobilla+limpiaparabrisas+400mm&tag=itvcheck-21"
"ford-fiesta-cambiar-escobillas.html","PRODUCTO","B09CD3LX6R","Ver en Amazon","https://www.amazon.es/dp/B09CD3LX6R?tag=itvcheck-21"
"ford-focus-cambiar-bombilla.html","PRODUCTO","B07YDD74GW","Ver en Amazon","https://www.amazon.es/dp/B07YDD74GW?tag=itvcheck-21"
"ford-focus-cambiar-bombilla.html","BUSQUEDA","","Ver en Amazon","https://www.amazon.es/s?k=bombilla+W5W&tag=itvcheck-21"
"ford-focus-cambiar-bombilla.html","PRODUCTO","B09PY8WQHJ","Ver en Amazon","https://www.amazon.es/dp/B09PY8WQHJ?tag=itvcheck-21"
"ford-focus-cambiar-bombilla.html","PRODUCTO","B09CD3LX6R","Ver en Amazon","https://www.amazon.es/dp/B09CD3LX6R?tag=itvcheck-21"
"ford-focus-cambiar-bombilla.html","PRODUCTO","B0D3VDXB19","Ver en Amazon","https://www.amazon.es/dp/B0D3VDXB19?tag=itvcheck-21"
"ford-puma-cambiar-bombilla.html","PRODUCTO","B07YDD74GW","Ver en Amazon","https://www.amazon.es/dp/B07YDD74GW?tag=itvcheck-21"
"ford-puma-cambiar-bombilla.html","BUSQUEDA","","Ver en Amazon","https://www.amazon.es/s?k=bombilla+W5W&tag=itvcheck-21"
"ford-puma-cambiar-bombilla.html","PRODUCTO","B09PY8WQHJ","Ver en Amazon","https://www.amazon.es/dp/B09PY8WQHJ?tag=itvcheck-21"
"ford-puma-cambiar-bombilla.html","PRODUCTO","B09CD3LX6R","Ver en Amazon","https://www.amazon.es/dp/B09CD3LX6R?tag=itvcheck-21"
"ford-puma-cambiar-bombilla.html","PRODUCTO","B0D3VDXB19","Ver en Amazon","https://www.amazon.es/dp/B0D3VDXB19?tag=itvcheck-21"
"fusibles.html","BUSQUEDA","","🛒 Ver Kits de Fusibles en Amazon","https://www.amazon.es/s?k=kit+fusibles+coche+surtidos&tag=itvcheck-21"
"honda-civic-cambiar-bombilla.html","PRODUCTO","B07YDD74GW","Ver en Amazon","https://www.amazon.es/dp/B07YDD74GW?tag=itvcheck-21"
"honda-civic-cambiar-bombilla.html","BUSQUEDA","","Ver en Amazon","https://www.amazon.es/s?k=bombilla+W5W&tag=itvcheck-21"
"honda-civic-cambiar-bombilla.html","PRODUCTO","B09PY8WQHJ","Ver en Amazon","https://www.amazon.es/dp/B09PY8WQHJ?tag=itvcheck-21"
"honda-civic-cambiar-bombilla.html","PRODUCTO","B09CD3LX6R","Ver en Amazon","https://www.amazon.es/dp/B09CD3LX6R?tag=itvcheck-21"
"honda-civic-cambiar-bombilla.html","PRODUCTO","B0D3VDXB19","Ver en Amazon","https://www.amazon.es/dp/B0D3VDXB19?tag=itvcheck-21"
"hyundai-bayon-cambiar-bombilla.html","PRODUCTO","B07YDD74GW","Ver en Amazon","https://www.amazon.es/dp/B07YDD74GW?tag=itvcheck-21"
"hyundai-bayon-cambiar-bombilla.html","BUSQUEDA","","Ver en Amazon","https://www.amazon.es/s?k=bombilla+W5W&tag=itvcheck-21"
"hyundai-bayon-cambiar-bombilla.html","PRODUCTO","B09PY8WQHJ","Ver en Amazon","https://www.amazon.es/dp/B09PY8WQHJ?tag=itvcheck-21"
"hyundai-bayon-cambiar-bombilla.html","PRODUCTO","B09CD3LX6R","Ver en Amazon","https://www.amazon.es/dp/B09CD3LX6R?tag=itvcheck-21"
"hyundai-bayon-cambiar-bombilla.html","PRODUCTO","B0D3VDXB19","Ver en Amazon","https://www.amazon.es/dp/B0D3VDXB19?tag=itvcheck-21"
"hyundai-i30-cambiar-escobillas.html","BUSQUEDA","","Ver en Amazon","https://www.amazon.es/s?k=escobilla+limpiaparabrisas+600mm&tag=itvcheck-21"
"hyundai-i30-cambiar-escobillas.html","BUSQUEDA","","Ver en Amazon","https://www.amazon.es/s?k=escobilla+limpiaparabrisas+400mm&tag=itvcheck-21"
"hyundai-i30-cambiar-escobillas.html","PRODUCTO","B09CD3LX6R","Ver en Amazon","https://www.amazon.es/dp/B09CD3LX6R?tag=itvcheck-21"
"hyundai-kona-cambiar-bateria.html","BUSQUEDA","","Batería EFB en Amazon","https://www.amazon.es/s?k=bateria+coche+EFB&tag=itvcheck-21"
"hyundai-kona-cambiar-bateria.html","BUSQUEDA","","Batería AGM en Amazon","https://www.amazon.es/s?k=bateria+coche+AGM&tag=itvcheck-21"
"hyundai-kona-cambiar-bateria.html","BUSQUEDA","","Ver en Amazon","https://www.amazon.es/s?k=llave+carraca+10mm&tag=itvcheck-21"
"hyundai-kona-cambiar-bateria.html","BUSQUEDA","","Ver en Amazon","https://www.amazon.es/s?k=llave+carraca+10mm&tag=itvcheck-21"
"hyundai-kona-cambiar-bateria.html","PRODUCTO","B09CD3LX6R","Ver en Amazon","https://www.amazon.es/dp/B09CD3LX6R?tag=itvcheck-21"
"hyundai-kona-cambiar-bateria.html","BUSQUEDA","","Ver en Amazon","https://www.amazon.es/s?k=cepillo+alambre+limpieza&tag=itvcheck-21"
"hyundai-kona-cambiar-bateria.html","BUSQUEDA","","Ver en Amazon","https://www.amazon.es/s?k=multimetro+digital+coche&tag=itvcheck-21"
"hyundai-tucson-cambiar-bombilla.html","PRODUCTO","B07YDD74GW","Ver en Amazon","https://www.amazon.es/dp/B07YDD74GW?tag=itvcheck-21"
"hyundai-tucson-cambiar-bombilla.html","BUSQUEDA","","Ver en Amazon","https://www.amazon.es/s?k=bombilla+W5W&tag=itvcheck-21"
"hyundai-tucson-cambiar-bombilla.html","BUSQUEDA","","Ver en Amazon","https://www.amazon.es/s?k=destornillador+estrella+coche&tag=itvcheck-21"
"hyundai-tucson-cambiar-bombilla.html","PRODUCTO","B09CD3LX6R","Ver en Amazon","https://www.amazon.es/dp/B09CD3LX6R?tag=itvcheck-21"
"hyundai-tucson-cambiar-bombilla.html","PRODUCTO","B0D3VDXB19","Ver en Amazon","https://www.amazon.es/dp/B0D3VDXB19?tag=itvcheck-21"
"hyundai-tucson-cambiar-escobillas.html","BUSQUEDA","","Ver en Amazon","https://www.amazon.es/s?k=escobilla+limpiaparabrisas+650mm&tag=itvcheck-21"
"hyundai-tucson-cambiar-escobillas.html","BUSQUEDA","","Ver en Amazon","https://www.amazon.es/s?k=escobilla+limpiaparabrisas+450mm&tag=itvcheck-21"
"hyundai-tucson-cambiar-escobillas.html","PRODUCTO","B09CD3LX6R","Ver en Amazon","https://www.amazon.es/dp/B09CD3LX6R?tag=itvcheck-21"
"kia-ceed-cambiar-bombilla.html","PRODUCTO","B07YDD74GW","Ver en Amazon","https://www.amazon.es/dp/B07YDD74GW?tag=itvcheck-21"
"kia-ceed-cambiar-bombilla.html","BUSQUEDA","","Ver en Amazon","https://www.amazon.es/s?k=bombilla+W5W&tag=itvcheck-21"
"kia-ceed-cambiar-bombilla.html","PRODUCTO","B09PY8WQHJ","Ver en Amazon","https://www.amazon.es/dp/B09PY8WQHJ?tag=itvcheck-21"
"kia-ceed-cambiar-bombilla.html","PRODUCTO","B09CD3LX6R","Ver en Amazon","https://www.amazon.es/dp/B09CD3LX6R?tag=itvcheck-21"
"kia-ceed-cambiar-bombilla.html","PRODUCTO","B0D3VDXB19","Ver en Amazon","https://www.amazon.es/dp/B0D3VDXB19?tag=itvcheck-21"
"kia-niro-cambiar-bateria.html","BUSQUEDA","","Ver en Amazon","https://www.amazon.es/s?k=bateria+coche+AGM&tag=itvcheck-21"
"kia-niro-cambiar-bateria.html","BUSQUEDA","","Ver en Amazon","https://www.amazon.es/s?k=llave+carraca+10mm&tag=itvcheck-21"
"kia-niro-cambiar-bateria.html","PRODUCTO","B09CD3LX6R","Ver en Amazon","https://www.amazon.es/dp/B09CD3LX6R?tag=itvcheck-21"
"kia-niro-cambiar-bateria.html","PRODUCTO","B0D3VDXB19","Ver en Amazon","https://www.amazon.es/dp/B0D3VDXB19?tag=itvcheck-21"
"kia-niro-cambiar-bateria.html","BUSQUEDA","","Ver en Amazon","https://www.amazon.es/s?k=multimetro+digital+coche&tag=itvcheck-21"
"kia-sportage-cambiar-bateria.html","BUSQUEDA","","Ver en Amazon","https://www.amazon.es/s?k=bateria+coche+AGM&tag=itvcheck-21"
"kia-sportage-cambiar-bateria.html","BUSQUEDA","","Ver en Amazon","https://www.amazon.es/s?k=llave+carraca+10mm&tag=itvcheck-21"
"kia-sportage-cambiar-bateria.html","BUSQUEDA","","Ver en Amazon","https://www.amazon.es/s?k=llave+carraca+10mm&tag=itvcheck-21"
"kia-sportage-cambiar-bateria.html","PRODUCTO","B09CD3LX6R","Ver en Amazon","https://www.amazon.es/dp/B09CD3LX6R?tag=itvcheck-21"
"kia-sportage-cambiar-bombilla.html","PRODUCTO","B07YDD74GW","Ver en Amazon","https://www.amazon.es/dp/B07YDD74GW?tag=itvcheck-21"
"kia-sportage-cambiar-bombilla.html","BUSQUEDA","","Ver en Amazon","https://www.amazon.es/s?k=bombilla+W5W&tag=itvcheck-21"
"kia-sportage-cambiar-bombilla.html","PRODUCTO","B09PY8WQHJ","Ver en Amazon","https://www.amazon.es/dp/B09PY8WQHJ?tag=itvcheck-21"
"kia-sportage-cambiar-bombilla.html","PRODUCTO","B09CD3LX6R","Ver en Amazon","https://www.amazon.es/dp/B09CD3LX6R?tag=itvcheck-21"
"kia-sportage-cambiar-bombilla.html","PRODUCTO","B0D3VDXB19","Ver en Amazon","https://www.amazon.es/dp/B0D3VDXB19?tag=itvcheck-21"
"kia-sportage-cambiar-escobillas.html","BUSQUEDA","","Ver en Amazon","https://www.amazon.es/s?k=escobilla+limpiaparabrisas+650mm&tag=itvcheck-21"
"kia-sportage-cambiar-escobillas.html","BUSQUEDA","","Ver en Amazon","https://www.amazon.es/s?k=escobilla+limpiaparabrisas+450mm&tag=itvcheck-21"
"kia-sportage-cambiar-escobillas.html","PRODUCTO","B09CD3LX6R","Ver en Amazon","https://www.amazon.es/dp/B09CD3LX6R?tag=itvcheck-21"
"kia-stonic-cambiar-bombilla.html","PRODUCTO","B07YDD74GW","Ver en Amazon","https://www.amazon.es/dp/B07YDD74GW?tag=itvcheck-21"
"kia-stonic-cambiar-bombilla.html","BUSQUEDA","","Ver en Amazon","https://www.amazon.es/s?k=bombilla+W5W&tag=itvcheck-21"
"kia-stonic-cambiar-bombilla.html","PRODUCTO","B09PY8WQHJ","Ver en Amazon","https://www.amazon.es/dp/B09PY8WQHJ?tag=itvcheck-21"
"kia-stonic-cambiar-bombilla.html","PRODUCTO","B09CD3LX6R","Ver en Amazon","https://www.amazon.es/dp/B09CD3LX6R?tag=itvcheck-21"
"kia-stonic-cambiar-bombilla.html","PRODUCTO","B0D3VDXB19","Ver en Amazon","https://www.amazon.es/dp/B0D3VDXB19?tag=itvcheck-21"
"matriculas.html","BUSQUEDA","","🛒 Ver Marcos de Matrícula en Amazon","https://www.amazon.es/s?k=marco+matricula+coche&tag=itvcheck-21"
"mercedes-clase-a-cambiar-escobillas.html","BUSQUEDA","","Ver en Amazon","https://www.amazon.es/s?k=escobilla+limpiaparabrisas+650mm&tag=itvcheck-21"
"mercedes-clase-a-cambiar-escobillas.html","BUSQUEDA","","Ver en Amazon","https://www.amazon.es/s?k=escobilla+limpiaparabrisas+450mm&tag=itvcheck-21"
"mercedes-clase-a-cambiar-escobillas.html","PRODUCTO","B09CD3LX6R","Ver en Amazon","https://www.amazon.es/dp/B09CD3LX6R?tag=itvcheck-21"
"mg-zs-cambiar-bombilla.html","PRODUCTO","B07YDD74GW","Ver en Amazon","https://www.amazon.es/dp/B07YDD74GW?tag=itvcheck-21"
"mg-zs-cambiar-bombilla.html","BUSQUEDA","","Ver en Amazon","https://www.amazon.es/s?k=bombilla+H1+halogena&tag=itvcheck-21"
"mg-zs-cambiar-bombilla.html","PRODUCTO","B09PY8WQHJ","Ver en Amazon","https://www.amazon.es/dp/B09PY8WQHJ?tag=itvcheck-21"
"mg-zs-cambiar-bombilla.html","PRODUCTO","B09CD3LX6R","Ver en Amazon","https://www.amazon.es/dp/B09CD3LX6R?tag=itvcheck-21"
"mg-zs-cambiar-bombilla.html","PRODUCTO","B0D3VDXB19","Ver en Amazon","https://www.amazon.es/dp/B0D3VDXB19?tag=itvcheck-21"
"mini-cooper-cambiar-escobillas.html","BUSQUEDA","","Ver en Amazon","https://www.amazon.es/s?k=escobilla+limpiaparabrisas+500mm&tag=itvcheck-21"
"mini-cooper-cambiar-escobillas.html","BUSQUEDA","","Ver en Amazon","https://www.amazon.es/s?k=escobilla+limpiaparabrisas+450mm&tag=itvcheck-21"
"mini-cooper-cambiar-escobillas.html","PRODUCTO","B09CD3LX6R","Ver en Amazon","https://www.amazon.es/dp/B09CD3LX6R?tag=itvcheck-21"
"nissan-juke-cambiar-bombilla.html","PRODUCTO","B07YDD74GW","Ver en Amazon","https://www.amazon.es/dp/B07YDD74GW?tag=itvcheck-21"
"nissan-juke-cambiar-bombilla.html","BUSQUEDA","","Ver en Amazon","https://www.amazon.es/s?k=bombilla+W5W&tag=itvcheck-21"
"nissan-juke-cambiar-bombilla.html","PRODUCTO","B09PY8WQHJ","Ver en Amazon","https://www.amazon.es/dp/B09PY8WQHJ?tag=itvcheck-21"
"nissan-juke-cambiar-bombilla.html","PRODUCTO","B09CD3LX6R","Ver en Amazon","https://www.amazon.es/dp/B09CD3LX6R?tag=itvcheck-21"
"nissan-juke-cambiar-bombilla.html","PRODUCTO","B0D3VDXB19","Ver en Amazon","https://www.amazon.es/dp/B0D3VDXB19?tag=itvcheck-21"
"nissan-qashqai-cambiar-bombilla.html","PRODUCTO","B07YDD74GW","Ver en Amazon","https://www.amazon.es/dp/B07YDD74GW?tag=itvcheck-21"
"nissan-qashqai-cambiar-bombilla.html","BUSQUEDA","","Ver en Amazon","https://www.amazon.es/s?k=bombilla+W5W&tag=itvcheck-21"
"nissan-qashqai-cambiar-bombilla.html","PRODUCTO","B09PY8WQHJ","Ver en Amazon","https://www.amazon.es/dp/B09PY8WQHJ?tag=itvcheck-21"
"nissan-qashqai-cambiar-bombilla.html","PRODUCTO","B09CD3LX6R","Ver en Amazon","https://www.amazon.es/dp/B09CD3LX6R?tag=itvcheck-21"
"nissan-qashqai-cambiar-bombilla.html","PRODUCTO","B0D3VDXB19","Ver en Amazon","https://www.amazon.es/dp/B0D3VDXB19?tag=itvcheck-21"
"nissan-qashqai-cambiar-escobillas.html","BUSQUEDA","","Ver en Amazon","https://www.amazon.es/s?k=escobilla+limpiaparabrisas+650mm&tag=itvcheck-21"
"nissan-qashqai-cambiar-escobillas.html","BUSQUEDA","","Ver en Amazon","https://www.amazon.es/s?k=escobilla+limpiaparabrisas+450mm&tag=itvcheck-21"
"nissan-qashqai-cambiar-escobillas.html","PRODUCTO","B09CD3LX6R","Ver en Amazon","https://www.amazon.es/dp/B09CD3LX6R?tag=itvcheck-21"
"opel-astra-cambiar-bombilla.html","PRODUCTO","B07YDD74GW","Ver en Amazon","https://www.amazon.es/dp/B07YDD74GW?tag=itvcheck-21"
"opel-astra-cambiar-bombilla.html","BUSQUEDA","","Ver en Amazon","https://www.amazon.es/s?k=bombilla+W5W&tag=itvcheck-21"
"opel-astra-cambiar-bombilla.html","PRODUCTO","B09PY8WQHJ","Ver en Amazon","https://www.amazon.es/dp/B09PY8WQHJ?tag=itvcheck-21"
"opel-astra-cambiar-bombilla.html","PRODUCTO","B09CD3LX6R","Ver en Amazon","https://www.amazon.es/dp/B09CD3LX6R?tag=itvcheck-21"
"opel-astra-cambiar-bombilla.html","PRODUCTO","B0D3VDXB19","Ver en Amazon","https://www.amazon.es/dp/B0D3VDXB19?tag=itvcheck-21"
"opel-corsa-cambiar-escobillas.html","BUSQUEDA","","Ver en Amazon","https://www.amazon.es/s?k=escobilla+limpiaparabrisas+600mm&tag=itvcheck-21"
"opel-corsa-cambiar-escobillas.html","BUSQUEDA","","Ver en Amazon","https://www.amazon.es/s?k=escobilla+limpiaparabrisas+400mm&tag=itvcheck-21"
"opel-corsa-cambiar-escobillas.html","PRODUCTO","B09CD3LX6R","Ver en Amazon","https://www.amazon.es/dp/B09CD3LX6R?tag=itvcheck-21"
"opel-grandland-cambiar-bombilla.html","PRODUCTO","B07YDD74GW","Ver en Amazon","https://www.amazon.es/dp/B07YDD74GW?tag=itvcheck-21"
"opel-grandland-cambiar-bombilla.html","BUSQUEDA","","Ver en Amazon","https://www.amazon.es/s?k=bombilla+W5W&tag=itvcheck-21"
"opel-grandland-cambiar-bombilla.html","PRODUCTO","B09PY8WQHJ","Ver en Amazon","https://www.amazon.es/dp/B09PY8WQHJ?tag=itvcheck-21"
"opel-grandland-cambiar-bombilla.html","PRODUCTO","B09CD3LX6R","Ver en Amazon","https://www.amazon.es/dp/B09CD3LX6R?tag=itvcheck-21"
"opel-grandland-cambiar-bombilla.html","PRODUCTO","B0D3VDXB19","Ver en Amazon","https://www.amazon.es/dp/B0D3VDXB19?tag=itvcheck-21"
"opel-mokka-cambiar-bombilla.html","PRODUCTO","B07YDD74GW","Ver en Amazon","https://www.amazon.es/dp/B07YDD74GW?tag=itvcheck-21"
"opel-mokka-cambiar-bombilla.html","BUSQUEDA","","Ver en Amazon","https://www.amazon.es/s?k=bombilla+W5W&tag=itvcheck-21"
"opel-mokka-cambiar-bombilla.html","PRODUCTO","B09PY8WQHJ","Ver en Amazon","https://www.amazon.es/dp/B09PY8WQHJ?tag=itvcheck-21"
"opel-mokka-cambiar-bombilla.html","PRODUCTO","B09CD3LX6R","Ver en Amazon","https://www.amazon.es/dp/B09CD3LX6R?tag=itvcheck-21"
"opel-mokka-cambiar-bombilla.html","PRODUCTO","B0D3VDXB19","Ver en Amazon","https://www.amazon.es/dp/B0D3VDXB19?tag=itvcheck-21"
"peugeot-2008-cambiar-bombilla.html","PRODUCTO","B07YDD74GW","Ver en Amazon","https://www.amazon.es/dp/B07YDD74GW?tag=itvcheck-21"
"peugeot-2008-cambiar-bombilla.html","BUSQUEDA","","Ver en Amazon","https://www.amazon.es/s?k=bombilla+W5W&tag=itvcheck-21"
"peugeot-2008-cambiar-bombilla.html","PRODUCTO","B09PY8WQHJ","Ver en Amazon","https://www.amazon.es/dp/B09PY8WQHJ?tag=itvcheck-21"
"peugeot-2008-cambiar-bombilla.html","PRODUCTO","B09CD3LX6R","Ver en Amazon","https://www.amazon.es/dp/B09CD3LX6R?tag=itvcheck-21"
"peugeot-2008-cambiar-bombilla.html","PRODUCTO","B0D3VDXB19","Ver en Amazon","https://www.amazon.es/dp/B0D3VDXB19?tag=itvcheck-21"
"peugeot-208-cambiar-bateria.html","BUSQUEDA","","EFB en Amazon","https://www.amazon.es/s?k=bateria+coche+EFB&tag=itvcheck-21"
"peugeot-208-cambiar-bateria.html","BUSQUEDA","","AGM en Amazon","https://www.amazon.es/s?k=bateria+coche+AGM&tag=itvcheck-21"
"peugeot-208-cambiar-bateria.html","BUSQUEDA","","Ver en Amazon","https://www.amazon.es/s?k=llave+carraca+10mm&tag=itvcheck-21"
"peugeot-208-cambiar-bateria.html","BUSQUEDA","","Ver en Amazon","https://www.amazon.es/s?k=llave+carraca+10mm&tag=itvcheck-21"
"peugeot-208-cambiar-bateria.html","PRODUCTO","B09CD3LX6R","Ver en Amazon","https://www.amazon.es/dp/B09CD3LX6R?tag=itvcheck-21"
"peugeot-208-cambiar-bateria.html","BUSQUEDA","","Ver en Amazon","https://www.amazon.es/s?k=multimetro+digital+coche&tag=itvcheck-21"
"peugeot-208-cambiar-bombilla.html","PRODUCTO","B07YDD74GW","Ver en Amazon","https://www.amazon.es/dp/B07YDD74GW?tag=itvcheck-21"
"peugeot-208-cambiar-bombilla.html","BUSQUEDA","","Ver en Amazon","https://www.amazon.es/s?k=bombilla+W5W&tag=itvcheck-21"
"peugeot-208-cambiar-bombilla.html","PRODUCTO","B09PY8WQHJ","Ver en Amazon","https://www.amazon.es/dp/B09PY8WQHJ?tag=itvcheck-21"
"peugeot-208-cambiar-bombilla.html","PRODUCTO","B09CD3LX6R","Ver en Amazon","https://www.amazon.es/dp/B09CD3LX6R?tag=itvcheck-21"
"peugeot-208-cambiar-bombilla.html","PRODUCTO","B0D3VDXB19","Ver en Amazon","https://www.amazon.es/dp/B0D3VDXB19?tag=itvcheck-21"
"peugeot-308-cambiar-bombilla.html","PRODUCTO","B07YDD74GW","Ver en Amazon","https://www.amazon.es/dp/B07YDD74GW?tag=itvcheck-21"
"peugeot-308-cambiar-bombilla.html","BUSQUEDA","","Ver en Amazon","https://www.amazon.es/s?k=bombilla+W5W&tag=itvcheck-21"
"peugeot-308-cambiar-bombilla.html","PRODUCTO","B09PY8WQHJ","Ver en Amazon","https://www.amazon.es/dp/B09PY8WQHJ?tag=itvcheck-21"
"peugeot-308-cambiar-bombilla.html","PRODUCTO","B09CD3LX6R","Ver en Amazon","https://www.amazon.es/dp/B09CD3LX6R?tag=itvcheck-21"
"peugeot-308-cambiar-bombilla.html","PRODUCTO","B0D3VDXB19","Ver en Amazon","https://www.amazon.es/dp/B0D3VDXB19?tag=itvcheck-21"
"peugeot-308-cambiar-bombilla.html","BUSQUEDA","","Ver en Amazon","https://www.amazon.es/s?k=pano+microfibra+coche&tag=itvcheck-21"
"renault-austral-cambiar-bombilla.html","PRODUCTO","B07YDD74GW","Ver en Amazon","https://www.amazon.es/dp/B07YDD74GW?tag=itvcheck-21"
"renault-austral-cambiar-bombilla.html","BUSQUEDA","","Ver en Amazon","https://www.amazon.es/s?k=bombilla+W5W&tag=itvcheck-21"
"renault-austral-cambiar-bombilla.html","PRODUCTO","B09PY8WQHJ","Ver en Amazon","https://www.amazon.es/dp/B09PY8WQHJ?tag=itvcheck-21"
"renault-austral-cambiar-bombilla.html","PRODUCTO","B09CD3LX6R","Ver en Amazon","https://www.amazon.es/dp/B09CD3LX6R?tag=itvcheck-21"
"renault-austral-cambiar-bombilla.html","PRODUCTO","B0D3VDXB19","Ver en Amazon","https://www.amazon.es/dp/B0D3VDXB19?tag=itvcheck-21"
"renault-captur-cambiar-bateria.html","BUSQUEDA","","Ver en Amazon","https://www.amazon.es/s?k=bateria+coche+EFB&tag=itvcheck-21"
"renault-captur-cambiar-bateria.html","BUSQUEDA","","Ver en Amazon","https://www.amazon.es/s?k=llave+carraca+10mm&tag=itvcheck-21"
"renault-captur-cambiar-bateria.html","BUSQUEDA","","Ver en Amazon","https://www.amazon.es/s?k=llave+carraca+10mm&tag=itvcheck-21"
"renault-captur-cambiar-bateria.html","PRODUCTO","B09CD3LX6R","Ver en Amazon","https://www.amazon.es/dp/B09CD3LX6R?tag=itvcheck-21"
"renault-captur-cambiar-bombilla.html","PRODUCTO","B07YDD74GW","Ver en Amazon","https://www.amazon.es/dp/B07YDD74GW?tag=itvcheck-21"
"renault-captur-cambiar-bombilla.html","BUSQUEDA","","Ver en Amazon","https://www.amazon.es/s?k=bombilla+W5W&tag=itvcheck-21"
"renault-captur-cambiar-bombilla.html","PRODUCTO","B09PY8WQHJ","Ver en Amazon","https://www.amazon.es/dp/B09PY8WQHJ?tag=itvcheck-21"
"renault-captur-cambiar-bombilla.html","PRODUCTO","B09CD3LX6R","Ver en Amazon","https://www.amazon.es/dp/B09CD3LX6R?tag=itvcheck-21"
"renault-captur-cambiar-bombilla.html","PRODUCTO","B0D3VDXB19","Ver en Amazon","https://www.amazon.es/dp/B0D3VDXB19?tag=itvcheck-21"
"renault-clio-cambiar-bateria.html","BUSQUEDA","","Ver en Amazon","https://www.amazon.es/s?k=bateria+coche+EFB&tag=itvcheck-21"
"renault-clio-cambiar-bateria.html","BUSQUEDA","","Ver en Amazon","https://www.amazon.es/s?k=llave+carraca+10mm&tag=itvcheck-21"
"renault-clio-cambiar-bateria.html","BUSQUEDA","","Ver en Amazon","https://www.amazon.es/s?k=llave+carraca+10mm&tag=itvcheck-21"
"renault-clio-cambiar-bateria.html","PRODUCTO","B09CD3LX6R","Ver en Amazon","https://www.amazon.es/dp/B09CD3LX6R?tag=itvcheck-21"
"renault-clio-cambiar-bombilla.html","PRODUCTO","B07YDD74GW","Ver en Amazon","https://www.amazon.es/dp/B07YDD74GW?tag=itvcheck-21"
"renault-clio-cambiar-bombilla.html","BUSQUEDA","","Ver en Amazon","https://www.amazon.es/s?k=bombilla+W5W&tag=itvcheck-21"
"renault-clio-cambiar-bombilla.html","PRODUCTO","B09PY8WQHJ","Ver en Amazon","https://www.amazon.es/dp/B09PY8WQHJ?tag=itvcheck-21"
"renault-clio-cambiar-bombilla.html","PRODUCTO","B09CD3LX6R","Ver en Amazon","https://www.amazon.es/dp/B09CD3LX6R?tag=itvcheck-21"
"renault-clio-cambiar-bombilla.html","PRODUCTO","B0D3VDXB19","Ver en Amazon","https://www.amazon.es/dp/B0D3VDXB19?tag=itvcheck-21"
"renault-clio-cambiar-escobillas.html","BUSQUEDA","","Ver en Amazon","https://www.amazon.es/s?k=escobilla+limpiaparabrisas+600mm&tag=itvcheck-21"
"renault-clio-cambiar-escobillas.html","BUSQUEDA","","Ver en Amazon","https://www.amazon.es/s?k=escobilla+limpiaparabrisas+400mm&tag=itvcheck-21"
"renault-clio-cambiar-escobillas.html","PRODUCTO","B09CD3LX6R","Ver en Amazon","https://www.amazon.es/dp/B09CD3LX6R?tag=itvcheck-21"
"renault-megane-cambiar-bombilla.html","PRODUCTO","B07YDD74GW","Ver en Amazon","https://www.amazon.es/dp/B07YDD74GW?tag=itvcheck-21"
"renault-megane-cambiar-bombilla.html","BUSQUEDA","","Ver en Amazon","https://www.amazon.es/s?k=bombilla+W5W&tag=itvcheck-21"
"renault-megane-cambiar-bombilla.html","PRODUCTO","B09PY8WQHJ","Ver en Amazon","https://www.amazon.es/dp/B09PY8WQHJ?tag=itvcheck-21"
"renault-megane-cambiar-bombilla.html","PRODUCTO","B09CD3LX6R","Ver en Amazon","https://www.amazon.es/dp/B09CD3LX6R?tag=itvcheck-21"
"renault-megane-cambiar-bombilla.html","PRODUCTO","B0D3VDXB19","Ver en Amazon","https://www.amazon.es/dp/B0D3VDXB19?tag=itvcheck-21"
"seat-arona-cambiar-bombilla.html","PRODUCTO","B07YDD74GW","Ver en Amazon","https://www.amazon.es/dp/B07YDD74GW?tag=itvcheck-21"
"seat-arona-cambiar-bombilla.html","BUSQUEDA","","Ver en Amazon","https://www.amazon.es/s?k=bombilla+W5W&tag=itvcheck-21"
"seat-arona-cambiar-bombilla.html","PRODUCTO","B09PY8WQHJ","Ver en Amazon","https://www.amazon.es/dp/B09PY8WQHJ?tag=itvcheck-21"
"seat-arona-cambiar-bombilla.html","PRODUCTO","B09CD3LX6R","Ver en Amazon","https://www.amazon.es/dp/B09CD3LX6R?tag=itvcheck-21"
"seat-arona-cambiar-bombilla.html","PRODUCTO","B0D3VDXB19","Ver en Amazon","https://www.amazon.es/dp/B0D3VDXB19?tag=itvcheck-21"
"seat-ateca-cambiar-bombilla.html","PRODUCTO","B07YDD74GW","Ver en Amazon","https://www.amazon.es/dp/B07YDD74GW?tag=itvcheck-21"
"seat-ateca-cambiar-bombilla.html","BUSQUEDA","","Ver en Amazon","https://www.amazon.es/s?k=bombilla+W5W&tag=itvcheck-21"
"seat-ateca-cambiar-bombilla.html","PRODUCTO","B09PY8WQHJ","Ver en Amazon","https://www.amazon.es/dp/B09PY8WQHJ?tag=itvcheck-21"
"seat-ateca-cambiar-bombilla.html","PRODUCTO","B09CD3LX6R","Ver en Amazon","https://www.amazon.es/dp/B09CD3LX6R?tag=itvcheck-21"
"seat-ateca-cambiar-bombilla.html","PRODUCTO","B0D3VDXB19","Ver en Amazon","https://www.amazon.es/dp/B0D3VDXB19?tag=itvcheck-21"
"seat-ibiza-cambiar-bateria.html","BUSQUEDA","","EFB en Amazon","https://www.amazon.es/s?k=bateria+coche+EFB&tag=itvcheck-21"
"seat-ibiza-cambiar-bateria.html","BUSQUEDA","","AGM en Amazon","https://www.amazon.es/s?k=bateria+coche+AGM&tag=itvcheck-21"
"seat-ibiza-cambiar-bateria.html","BUSQUEDA","","Ver en Amazon","https://www.amazon.es/s?k=llave+carraca+10mm&tag=itvcheck-21"
"seat-ibiza-cambiar-bateria.html","BUSQUEDA","","Ver en Amazon","https://www.amazon.es/s?k=llave+carraca+10mm&tag=itvcheck-21"
"seat-ibiza-cambiar-bateria.html","PRODUCTO","B09CD3LX6R","Ver en Amazon","https://www.amazon.es/dp/B09CD3LX6R?tag=itvcheck-21"
"seat-ibiza-cambiar-bateria.html","BUSQUEDA","","Ver en Amazon","https://www.amazon.es/s?k=multimetro+digital+coche&tag=itvcheck-21"
"seat-ibiza-cambiar-bombilla.html","PRODUCTO","B07YDD74GW","Ver en Amazon","https://www.amazon.es/dp/B07YDD74GW?tag=itvcheck-21"
"seat-ibiza-cambiar-bombilla.html","BUSQUEDA","","Ver en Amazon","https://www.amazon.es/s?k=bombilla+W5W&tag=itvcheck-21"
"seat-ibiza-cambiar-bombilla.html","PRODUCTO","B09PY8WQHJ","Ver en Amazon","https://www.amazon.es/dp/B09PY8WQHJ?tag=itvcheck-21"
"seat-ibiza-cambiar-bombilla.html","PRODUCTO","B09CD3LX6R","Ver en Amazon","https://www.amazon.es/dp/B09CD3LX6R?tag=itvcheck-21"
"seat-ibiza-cambiar-bombilla.html","PRODUCTO","B0D3VDXB19","Ver en Amazon","https://www.amazon.es/dp/B0D3VDXB19?tag=itvcheck-21"
"seat-leon-cambiar-bombilla.html","PRODUCTO","B07YDD74GW","Ver en Amazon","https://www.amazon.es/dp/B07YDD74GW?tag=itvcheck-21"
"seat-leon-cambiar-bombilla.html","BUSQUEDA","","Ver en Amazon","https://www.amazon.es/s?k=bombilla+W5W&tag=itvcheck-21"
"seat-leon-cambiar-bombilla.html","PRODUCTO","B09PY8WQHJ","Ver en Amazon","https://www.amazon.es/dp/B09PY8WQHJ?tag=itvcheck-21"
"seat-leon-cambiar-bombilla.html","PRODUCTO","B09CD3LX6R","Ver en Amazon","https://www.amazon.es/dp/B09CD3LX6R?tag=itvcheck-21"
"seat-leon-cambiar-bombilla.html","PRODUCTO","B0D3VDXB19","Ver en Amazon","https://www.amazon.es/dp/B0D3VDXB19?tag=itvcheck-21"
"skoda-fabia-cambiar-bombilla.html","PRODUCTO","B07YDD74GW","Ver en Amazon","https://www.amazon.es/dp/B07YDD74GW?tag=itvcheck-21"
"skoda-fabia-cambiar-bombilla.html","BUSQUEDA","","Ver en Amazon","https://www.amazon.es/s?k=bombilla+W5W&tag=itvcheck-21"
"skoda-fabia-cambiar-bombilla.html","PRODUCTO","B09PY8WQHJ","Ver en Amazon","https://www.amazon.es/dp/B09PY8WQHJ?tag=itvcheck-21"
"skoda-fabia-cambiar-bombilla.html","PRODUCTO","B09CD3LX6R","Ver en Amazon","https://www.amazon.es/dp/B09CD3LX6R?tag=itvcheck-21"
"skoda-fabia-cambiar-bombilla.html","PRODUCTO","B0D3VDXB19","Ver en Amazon","https://www.amazon.es/dp/B0D3VDXB19?tag=itvcheck-21"
"skoda-octavia-cambiar-bombilla.html","PRODUCTO","B07YDD74GW","Ver en Amazon","https://www.amazon.es/dp/B07YDD74GW?tag=itvcheck-21"
"skoda-octavia-cambiar-bombilla.html","BUSQUEDA","","Ver en Amazon","https://www.amazon.es/s?k=bombilla+W5W&tag=itvcheck-21"
"skoda-octavia-cambiar-bombilla.html","PRODUCTO","B09PY8WQHJ","Ver en Amazon","https://www.amazon.es/dp/B09PY8WQHJ?tag=itvcheck-21"
"skoda-octavia-cambiar-bombilla.html","PRODUCTO","B09CD3LX6R","Ver en Amazon","https://www.amazon.es/dp/B09CD3LX6R?tag=itvcheck-21"
"skoda-octavia-cambiar-bombilla.html","PRODUCTO","B0D3VDXB19","Ver en Amazon","https://www.amazon.es/dp/B0D3VDXB19?tag=itvcheck-21"
"toyota-chr-cambiar-bombilla.html","BUSQUEDA","","Ver en Amazon","https://www.amazon.es/s?k=bombilla+HIR2+9012&tag=itvcheck-21"
"toyota-chr-cambiar-bombilla.html","BUSQUEDA","","Ver en Amazon","https://www.amazon.es/s?k=bombilla+W5W&tag=itvcheck-21"
"toyota-chr-cambiar-bombilla.html","PRODUCTO","B09PY8WQHJ","Ver en Amazon","https://www.amazon.es/dp/B09PY8WQHJ?tag=itvcheck-21"
"toyota-chr-cambiar-bombilla.html","PRODUCTO","B09CD3LX6R","Ver en Amazon","https://www.amazon.es/dp/B09CD3LX6R?tag=itvcheck-21"
"toyota-chr-cambiar-bombilla.html","PRODUCTO","B0D3VDXB19","Ver en Amazon","https://www.amazon.es/dp/B0D3VDXB19?tag=itvcheck-21"
"toyota-chr-cambiar-escobillas.html","BUSQUEDA","","Ver en Amazon","https://www.amazon.es/s?k=escobilla+limpiaparabrisas+650mm&tag=itvcheck-21"
"toyota-chr-cambiar-escobillas.html","BUSQUEDA","","Ver en Amazon","https://www.amazon.es/s?k=escobilla+limpiaparabrisas+400mm&tag=itvcheck-21"
"toyota-chr-cambiar-escobillas.html","PRODUCTO","B09CD3LX6R","Ver en Amazon","https://www.amazon.es/dp/B09CD3LX6R?tag=itvcheck-21"
"toyota-corolla-cambiar-bateria.html","BUSQUEDA","","Ver en Amazon","https://www.amazon.es/s?k=bateria+coche+AGM&tag=itvcheck-21"
"toyota-corolla-cambiar-bateria.html","BUSQUEDA","","Ver en Amazon","https://www.amazon.es/s?k=llave+carraca+10mm&tag=itvcheck-21"
"toyota-corolla-cambiar-bateria.html","PRODUCTO","B09CD3LX6R","Ver en Amazon","https://www.amazon.es/dp/B09CD3LX6R?tag=itvcheck-21"
"toyota-corolla-cambiar-bateria.html","PRODUCTO","B0D3VDXB19","Ver en Amazon","https://www.amazon.es/dp/B0D3VDXB19?tag=itvcheck-21"
"toyota-rav4-cambiar-bateria.html","BUSQUEDA","","Ver en Amazon","https://www.amazon.es/s?k=bateria+coche+AGM&tag=itvcheck-21"
"toyota-rav4-cambiar-bateria.html","BUSQUEDA","","Ver en Amazon","https://www.amazon.es/s?k=llave+carraca+10mm&tag=itvcheck-21"
"toyota-rav4-cambiar-bateria.html","PRODUCTO","B09CD3LX6R","Ver en Amazon","https://www.amazon.es/dp/B09CD3LX6R?tag=itvcheck-21"
"toyota-rav4-cambiar-bateria.html","PRODUCTO","B0D3VDXB19","Ver en Amazon","https://www.amazon.es/dp/B0D3VDXB19?tag=itvcheck-21"
"toyota-yaris-cambiar-bateria.html","BUSQUEDA","","Ver en Amazon","https://www.amazon.es/s?k=bateria+coche+AGM&tag=itvcheck-21"
"toyota-yaris-cambiar-bateria.html","BUSQUEDA","","Ver en Amazon","https://www.amazon.es/s?k=llave+carraca+10mm&tag=itvcheck-21"
"toyota-yaris-cambiar-bateria.html","PRODUCTO","B09CD3LX6R","Ver en Amazon","https://www.amazon.es/dp/B09CD3LX6R?tag=itvcheck-21"
"toyota-yaris-cambiar-bateria.html","PRODUCTO","B0D3VDXB19","Ver en Amazon","https://www.amazon.es/dp/B0D3VDXB19?tag=itvcheck-21"
"toyota-yaris-cambiar-escobillas.html","BUSQUEDA","","Ver en Amazon","https://www.amazon.es/s?k=escobilla+limpiaparabrisas+600mm&tag=itvcheck-21"
"toyota-yaris-cambiar-escobillas.html","BUSQUEDA","","Ver en Amazon","https://www.amazon.es/s?k=escobilla+limpiaparabrisas+400mm&tag=itvcheck-21"
"toyota-yaris-cambiar-escobillas.html","PRODUCTO","B09CD3LX6R","Ver en Amazon","https://www.amazon.es/dp/B09CD3LX6R?tag=itvcheck-21"
"toyota-yaris-cross-cambiar-bateria.html","BUSQUEDA","","Ver en Amazon","https://www.amazon.es/s?k=bateria+coche+AGM&tag=itvcheck-21"
"toyota-yaris-cross-cambiar-bateria.html","BUSQUEDA","","Ver en Amazon","https://www.amazon.es/s?k=llave+carraca+10mm&tag=itvcheck-21"
"toyota-yaris-cross-cambiar-bateria.html","PRODUCTO","B09CD3LX6R","Ver en Amazon","https://www.amazon.es/dp/B09CD3LX6R?tag=itvcheck-21"
"toyota-yaris-cross-cambiar-bateria.html","PRODUCTO","B0D3VDXB19","Ver en Amazon","https://www.amazon.es/dp/B0D3VDXB19?tag=itvcheck-21"
"toyota-yaris-cross-cambiar-bateria.html","BUSQUEDA","","Ver en Amazon","https://www.amazon.es/s?k=multimetro+digital+coche&tag=itvcheck-21"
"volkswagen-golf-cambiar-bateria.html","BUSQUEDA","","Batería EFB en Amazon","https://www.amazon.es/s?k=bateria+coche+EFB&tag=itvcheck-21"
"volkswagen-golf-cambiar-bateria.html","BUSQUEDA","","Batería AGM en Amazon","https://www.amazon.es/s?k=bateria+coche+AGM&tag=itvcheck-21"
"volkswagen-golf-cambiar-bateria.html","BUSQUEDA","","Ver en Amazon","https://www.amazon.es/s?k=llave+carraca+10mm&tag=itvcheck-21"
"volkswagen-golf-cambiar-bateria.html","BUSQUEDA","","Ver en Amazon","https://www.amazon.es/s?k=llave+carraca+10mm&tag=itvcheck-21"
"volkswagen-golf-cambiar-bateria.html","PRODUCTO","B09CD3LX6R","Ver en Amazon","https://www.amazon.es/dp/B09CD3LX6R?tag=itvcheck-21"
"volkswagen-golf-cambiar-bateria.html","BUSQUEDA","","Ver en Amazon","https://www.amazon.es/s?k=cepillo+alambre+limpieza&tag=itvcheck-21"
"volkswagen-golf-cambiar-bateria.html","BUSQUEDA","","Ver en Amazon","https://www.amazon.es/s?k=escaner+obd2+coche&tag=itvcheck-21"
"volkswagen-golf-cambiar-bateria.html","BUSQUEDA","","Ver en Amazon","https://www.amazon.es/s?k=multimetro+digital+coche&tag=itvcheck-21"
"volkswagen-golf-cambiar-bombilla.html","PRODUCTO","B07YDD74GW","Ver en Amazon","https://www.amazon.es/dp/B07YDD74GW?tag=itvcheck-21"
"volkswagen-golf-cambiar-bombilla.html","BUSQUEDA","","Ver en Amazon","https://www.amazon.es/s?k=bombilla+W5W&tag=itvcheck-21"
"volkswagen-golf-cambiar-bombilla.html","PRODUCTO","B09PY8WQHJ","Ver en Amazon","https://www.amazon.es/dp/B09PY8WQHJ?tag=itvcheck-21"
"volkswagen-golf-cambiar-bombilla.html","PRODUCTO","B09CD3LX6R","Ver en Amazon","https://www.amazon.es/dp/B09CD3LX6R?tag=itvcheck-21"
"volkswagen-golf-cambiar-bombilla.html","PRODUCTO","B0D3VDXB19","Ver en Amazon","https://www.amazon.es/dp/B0D3VDXB19?tag=itvcheck-21"
"volkswagen-golf-cambiar-escobillas.html","BUSQUEDA","","Ver en Amazon","https://www.amazon.es/s?k=escobilla+limpiaparabrisas+650mm&tag=itvcheck-21"
"volkswagen-golf-cambiar-escobillas.html","BUSQUEDA","","Ver en Amazon","https://www.amazon.es/s?k=escobilla+limpiaparabrisas+450mm&tag=itvcheck-21"
"volkswagen-golf-cambiar-escobillas.html","PRODUCTO","B09CD3LX6R","Ver en Amazon","https://www.amazon.es/dp/B09CD3LX6R?tag=itvcheck-21"
"volkswagen-polo-cambiar-bombilla.html","PRODUCTO","B07YDD74GW","Ver en Amazon","https://www.amazon.es/dp/B07YDD74GW?tag=itvcheck-21"
"volkswagen-polo-cambiar-bombilla.html","BUSQUEDA","","Ver en Amazon","https://www.amazon.es/s?k=bombilla+W5W&tag=itvcheck-21"
"volkswagen-polo-cambiar-bombilla.html","PRODUCTO","B09PY8WQHJ","Ver en Amazon","https://www.amazon.es/dp/B09PY8WQHJ?tag=itvcheck-21"
"volkswagen-polo-cambiar-bombilla.html","PRODUCTO","B09CD3LX6R","Ver en Amazon","https://www.amazon.es/dp/B09CD3LX6R?tag=itvcheck-21"
"volkswagen-polo-cambiar-bombilla.html","PRODUCTO","B0D3VDXB19","Ver en Amazon","https://www.amazon.es/dp/B0D3VDXB19?tag=itvcheck-21"
"volkswagen-t-roc-cambiar-bombilla.html","PRODUCTO","B07YDD74GW","Ver en Amazon","https://www.amazon.es/dp/B07YDD74GW?tag=itvcheck-21"
"volkswagen-t-roc-cambiar-bombilla.html","BUSQUEDA","","Ver en Amazon","https://www.amazon.es/s?k=bombilla+W5W&tag=itvcheck-21"
"volkswagen-t-roc-cambiar-bombilla.html","PRODUCTO","B09PY8WQHJ","Ver en Amazon","https://www.amazon.es/dp/B09PY8WQHJ?tag=itvcheck-21"
"volkswagen-t-roc-cambiar-bombilla.html","PRODUCTO","B09CD3LX6R","Ver en Amazon","https://www.amazon.es/dp/B09CD3LX6R?tag=itvcheck-21"
"volkswagen-t-roc-cambiar-bombilla.html","PRODUCTO","B0D3VDXB19","Ver en Amazon","https://www.amazon.es/dp/B0D3VDXB19?tag=itvcheck-21"
"volkswagen-tiguan-cambiar-bombilla.html","PRODUCTO","B07YDD74GW","Ver en Amazon","https://www.amazon.es/dp/B07YDD74GW?tag=itvcheck-21"
"volkswagen-tiguan-cambiar-bombilla.html","BUSQUEDA","","Ver en Amazon","https://www.amazon.es/s?k=bombilla+W5W&tag=itvcheck-21"
"volkswagen-tiguan-cambiar-bombilla.html","PRODUCTO","B09PY8WQHJ","Ver en Amazon","https://www.amazon.es/dp/B09PY8WQHJ?tag=itvcheck-21"
"volkswagen-tiguan-cambiar-bombilla.html","PRODUCTO","B09CD3LX6R","Ver en Amazon","https://www.amazon.es/dp/B09CD3LX6R?tag=itvcheck-21"
"volkswagen-tiguan-cambiar-bombilla.html","PRODUCTO","B0D3VDXB19","Ver en Amazon","https://www.amazon.es/dp/B0D3VDXB19?tag=itvcheck-21"
"volvo-xc40-cambiar-escobillas.html","BUSQUEDA","","Ver en Amazon","https://www.amazon.es/s?k=escobilla+limpiaparabrisas+650mm&tag=itvcheck-21"
"volvo-xc40-cambiar-escobillas.html","BUSQUEDA","","Ver en Amazon","https://www.amazon.es/s?k=escobilla+limpiaparabrisas+500mm&tag=itvcheck-21"
"volvo-xc40-cambiar-escobillas.html","PRODUCTO","B09CD3LX6R","Ver en Amazon","https://www.amazon.es/dp/B09CD3LX6R?tag=itvcheck-21"
